<?xml version="1.0" encoding="UTF-8"?>
<metadata xml:lang="en"><Esri><CreaDate>20200811</CreaDate><CreaTime>15292700</CreaTime><ArcGISFormat>1.0</ArcGISFormat><SyncOnce>TRUE</SyncOnce><DataProperties><lineage><Process ToolSource="c:\program files (x86)\arcgis\desktop10.7\ArcToolbox\Toolboxes\Data Management Tools.tbx\Project" Date="20200811" Time="152927">Project LIRParcelsDCS \\dc-arcpro\gis_workspace\CherylProjects\TempData\LIRParcels2020.shp PROJCS['NAD_1983_2011_StatePlane_Utah_North_FIPS_4301_Ft_US',GEOGCS['GCS_NAD_1983_2011',DATUM['D_NAD_1983_2011',SPHEROID['GRS_1980',6378137.0,298.257222101]],PRIMEM['Greenwich',0.0],UNIT['Degree',0.0174532925199433]],PROJECTION['Lambert_Conformal_Conic'],PARAMETER['False_Easting',1640416.666666667],PARAMETER['False_Northing',3280833.333333333],PARAMETER['Central_Meridian',-111.5],PARAMETER['Standard_Parallel_1',40.71666666666667],PARAMETER['Standard_Parallel_2',41.78333333333333],PARAMETER['Latitude_Of_Origin',40.33333333333334],UNIT['Foot_US',0.3048006096012192]] 'WGS_1984_(ITRF00)_To_NAD_1983 + WGS_1984_(ITRF08)_To_NAD_1983_2011' PROJCS['DCS_NAD83',GEOGCS['GCS_North_American_1983',DATUM['D_North_American_1983',SPHEROID['GRS_1980',6378137.0,298.257222101]],PRIMEM['Greenwich',0.0],UNIT['Degree',0.0174532925199433]],PROJECTION['Local'],PARAMETER['False_Easting',127702.329],PARAMETER['False_Northing',172337.76],PARAMETER['Scale_Factor',1.000169],PARAMETER['Azimuth',0.12085],PARAMETER['Longitude_Of_Center',-111.83846768],PARAMETER['Latitude_Of_Center',41.0329276],UNIT['Foot_US',0.3048006096012192]] NO_PRESERVE_SHAPE # NO_VERTICAL</Process></lineage></DataProperties></Esri></metadata>
