<?xml version="1.0" encoding="UTF-8"?><MD_Metadata xmlns:xlink="http://www.w3.org/1999/xlink" xmlns:srv="http://www.isotc211.org/2005/srv" xmlns:gts="http://www.isotc211.org/2005/gts" xmlns:xalan="http://xml.apache.org/xalan" xmlns:gco="http://www.isotc211.org/2005/gco" xmlns:gml="http://www.opengis.net/gml" xmlns:xsi="http://www.w3.org/2001/XMLSchema-instance" xmlns="http://www.isotc211.org/2005/gmd">
    <characterSet>
        <MD_CharacterSetCode codeList="http://www.isotc211.org/2005/resources/Codelist/gmxCodelists.xml#MD_CharacterSetCode" codeListValue="utf8" codeSpace="ISOTC211/19115">utf8</MD_CharacterSetCode>
    </characterSet>
    <hierarchyLevel>
        <MD_ScopeCode codeList="http://www.isotc211.org/2005/resources/Codelist/gmxCodelists.xml#MD_ScopeCode" codeListValue="dataset" codeSpace="ISOTC211/19115">dataset</MD_ScopeCode>
    </hierarchyLevel>
    <hierarchyLevelName>
        <gco:CharacterString>dataset</gco:CharacterString>
    </hierarchyLevelName>
    <contact gco:nilReason="missing"/>
    <dateStamp gco:nilReason="missing"/>
    <metadataStandardName>
        <gco:CharacterString>ISO 19139 Geographic Information - Metadata - Implementation Specification</gco:CharacterString>
    </metadataStandardName>
    <metadataStandardVersion>
        <gco:CharacterString>2007</gco:CharacterString>
    </metadataStandardVersion>
    <identificationInfo>
        <MD_DataIdentification>
            <citation gco:nilReason="missing"/>
            <abstract>
                <gco:CharacterString>This dataset was created by comparing the FEMA Mobile Home Park dataset (point features) to Fall 2018 aerial photography and county assessor tax parcels to identify mobile home parks and approximate the number of operational houseing units. Mobile and manufactured homes on their own parcels were excluded from this dataset. Additionally mobile home parks that have been cleared or redeveloped have also been removed.

Unit counts were established by two methods. The first was summing address points assigned within the county. Where the address point dataset did not return an adequate count, a visual count was made.</gco:CharacterString>
            </abstract>
            <purpose>
                <gco:CharacterString>Map mobile home park type properties where lots and or units are leased within larger parcels. Establish an approximate unit count.
</gco:CharacterString>
            </purpose>
            <credit>
                <gco:CharacterString>WFRC, FEMA, County GIS, Recorder, &amp; Assessor staffs</gco:CharacterString>
            </credit>
            <descriptiveKeywords>
                <MD_Keywords>
                    <keyword>
                        <gco:CharacterString>Location</gco:CharacterString>
                    </keyword>
                    <keyword>
                        <gco:CharacterString>Society</gco:CharacterString>
                    </keyword>
                    <keyword>
                        <gco:CharacterString>Land Use</gco:CharacterString>
                    </keyword>
                    <keyword>
                        <gco:CharacterString>Planning</gco:CharacterString>
                    </keyword>
                    <keyword>
                        <gco:CharacterString>Housing</gco:CharacterString>
                    </keyword>
                </MD_Keywords>
            </descriptiveKeywords>
            <descriptiveKeywords>
                <MD_Keywords>
                    <keyword>
                        <gco:CharacterString>Location</gco:CharacterString>
                    </keyword>
                    <keyword>
                        <gco:CharacterString>Society</gco:CharacterString>
                    </keyword>
                    <keyword>
                        <gco:CharacterString>Land Use</gco:CharacterString>
                    </keyword>
                    <keyword>
                        <gco:CharacterString>Planning</gco:CharacterString>
                    </keyword>
                    <keyword>
                        <gco:CharacterString>Housing</gco:CharacterString>
                    </keyword>
                </MD_Keywords>
            </descriptiveKeywords>
            <descriptiveKeywords>
                <MD_Keywords>
                    <keyword>
                        <gco:CharacterString>Location</gco:CharacterString>
                    </keyword>
                    <keyword>
                        <gco:CharacterString>Society</gco:CharacterString>
                    </keyword>
                    <keyword>
                        <gco:CharacterString>Land Use</gco:CharacterString>
                    </keyword>
                    <keyword>
                        <gco:CharacterString>Planning</gco:CharacterString>
                    </keyword>
                    <keyword>
                        <gco:CharacterString>Housing</gco:CharacterString>
                    </keyword>
                </MD_Keywords>
            </descriptiveKeywords>
            <descriptiveKeywords>
                <MD_Keywords>
                    <keyword>
                        <gco:CharacterString>Location</gco:CharacterString>
                    </keyword>
                    <keyword>
                        <gco:CharacterString>Society</gco:CharacterString>
                    </keyword>
                    <keyword>
                        <gco:CharacterString>Land Use</gco:CharacterString>
                    </keyword>
                    <keyword>
                        <gco:CharacterString>Planning</gco:CharacterString>
                    </keyword>
                    <keyword>
                        <gco:CharacterString>Housing</gco:CharacterString>
                    </keyword>
                </MD_Keywords>
            </descriptiveKeywords>
            <descriptiveKeywords>
                <MD_Keywords>
                    <keyword>
                        <gco:CharacterString>Location</gco:CharacterString>
                    </keyword>
                    <keyword>
                        <gco:CharacterString>Society</gco:CharacterString>
                    </keyword>
                    <keyword>
                        <gco:CharacterString>Land Use</gco:CharacterString>
                    </keyword>
                    <keyword>
                        <gco:CharacterString>Planning</gco:CharacterString>
                    </keyword>
                    <keyword>
                        <gco:CharacterString>Housing</gco:CharacterString>
                    </keyword>
                </MD_Keywords>
            </descriptiveKeywords>
            <resourceConstraints>
                <MD_Constraints>
                    <useLimitation>
                        <gco:CharacterString>CC0 1.0 Universal (CC0 1.0), Public Domain Dedication</gco:CharacterString>
                    </useLimitation>
                </MD_Constraints>
            </resourceConstraints>
            <language gco:nilReason="missing"/>
            <characterSet>
                <MD_CharacterSetCode codeList="http://www.isotc211.org/2005/resources/Codelist/gmxCodelists.xml#MD_CharacterSetCode" codeListValue="utf8" codeSpace="ISOTC211/19115">utf8</MD_CharacterSetCode>
            </characterSet>
        </MD_DataIdentification>
    </identificationInfo>
</MD_Metadata>
